<?xml version="1.0" encoding="UTF-8"?>
<beans xmlns="http://www.springframework.org/schema/beans"
	xmlns:security="http://www.springframework.org/schema/security"
	xmlns:xsi="http://www.w3.org/2001/XMLSchema-instance"
	xmlns:p="http://www.springframework.org/schema/p"
	xmlns:context="http://www.springframework.org/schema/context"
	xmlns:util="http://www.springframework.org/schema/util"
	xmlns:tx="http://www.springframework.org/schema/tx"
	xmlns:jee="http://www.springframework.org/schema/jee"
	xmlns:jpa="http://www.springframework.org/schema/data/jpa"
	xsi:schemaLocation="http://www.springframework.org/schema/security http://www.springframework.org/schema/security/spring-security.xsd
		http://www.springframework.org/schema/jee http://www.springframework.org/schema/jee/spring-jee.xsd
		http://www.springframework.org/schema/data/jpa http://www.springframework.org/schema/data/jpa/spring-jpa.xsd
		http://www.springframework.org/schema/beans http://www.springframework.org/schema/beans/spring-beans.xsd
		http://www.springframework.org/schema/context http://www.springframework.org/schema/context/spring-context.xsd
		http://www.springframework.org/schema/tx http://www.springframework.org/schema/tx/spring-tx.xsd
		http://www.springframework.org/schema/util http://www.springframework.org/schema/util/spring-util.xsd">

	
	<context:annotation-config/>
	<context:component-scan base-package="net.zoostar.crud.service, net.zoostar.common.validation, net.zoostar.common.enrichment"/>

	<tx:annotation-driven/>
	<bean id="transactionManager" class="org.springframework.orm.jpa.JpaTransactionManager"/>
	<bean id="jpaVendorAdapter" class="org.springframework.orm.jpa.vendor.HibernateJpaVendorAdapter"/>
	
	<jpa:repositories base-package="net.zoostar.crud.dao"/>
	
	<beans profile="standalone">
		<bean id="dataSource"
			class="org.apache.tomcat.dbcp.dbcp2.BasicDataSource" destroy-method="close"
			p:driverClassName="${jdbc.driverClassName}" p:url="${jdbc.url}"
			p:username="${jdbc.username}" p:password="${jdbc.password}"
			p:defaultAutoCommit="false"
		/>

		<bean id="entityManagerFactory" class="org.springframework.orm.jpa.LocalContainerEntityManagerFactoryBean"
			p:dataSource-ref="dataSource" p:jpaVendorAdapter-ref="jpaVendorAdapter" p:sharedCacheMode="DISABLE_SELECTIVE"
			p:packagesToScan="${packagesToScan}" p:persistenceUnitName="${persistenceUnitName}">
			<property name="jpaProperties">
				<props>
					<prop key="hibernate.dialect">${hibernate.dialect}</prop>
					<prop key="hibernate.show_sql">${hibernate.show_sql}</prop>
					<prop key="hibernate.order_updates">${hibernate.order_updates}</prop>
					<prop key="hibernate.order_inserts">${hibernate.order_inserts}</prop>
					<prop key="hibernate.generate_statistics">${hibernate.generate_statistics}</prop>
					<prop key="hibernate.id.new_generator_mappings">${hibernate.id.new_generator_mappings}</prop>
					
					<prop key="hibernate.connection.pool_size">${hibernate.connection.pool_size}</prop>
					<prop key="hibernate.query.factory_class">${hibernate.query.factory_class}</prop>
					<prop key="hibernate.cache.region.factory_class">${hibernate.cache.region.factory_class}</prop>
					<prop key="hibernate.cache.use_minimal_puts">${hibernate.cache.use_minimal_puts}</prop>
					<prop key="hibernate.cache.use_query_cache">${hibernate.cache.use_query_cache}</prop>
					<prop key="hibernate.cache.use_second_level_cache">${hibernate.cache.use_second_level_cache}</prop>
					
					<prop key="hibernate.hbm2ddl.auto">${hibernate.hbm2ddl.auto}</prop>
				</props>
			</property>
		</bean>
	</beans>
	
	<beans profile="container">
		<jee:jndi-lookup id="dataSource" jndi-name="${jdbc.jndi}"/>
	
		<bean id="entityManagerFactory" class="org.springframework.orm.jpa.LocalContainerEntityManagerFactoryBean"
			p:dataSource-ref="dataSource" p:jpaVendorAdapter-ref="jpaVendorAdapter"
			p:packagesToScan="${packagesToScan}" p:persistenceUnitName="${persistenceUnitName}">
			<property name="jpaProperties">
				<props>
					<prop key="hibernate.dialect">${hibernate.dialect}</prop>
					<prop key="hibernate.show_sql">${hibernate.show_sql}</prop>
					<prop key="hibernate.order_updates">${hibernate.order_updates}</prop>
					<prop key="hibernate.generate_statistics">${hibernate.generate_statistics}</prop>
					<prop key="hibernate.id.new_generator_mappings">${hibernate.id.new_generator_mappings}</prop>
					
					<prop key="hibernate.connection.pool_size">${hibernate.connection.pool_size}</prop>
					<prop key="hibernate.query.factory_class">${hibernate.query.factory_class}</prop>
					<prop key="hibernate.cache.region.factory_class">${hibernate.cache.region.factory_class}</prop>
					<prop key="hibernate.cache.use_minimal_puts">${hibernate.cache.use_minimal_puts}</prop>
					<prop key="hibernate.cache.use_query_cache">${hibernate.cache.use_query_cache}</prop>
					<prop key="hibernate.cache.use_second_level_cache">${hibernate.cache.use_second_level_cache}</prop>
					
					<prop key="hibernate.hbm2ddl.auto">${hibernate.hbm2ddl.auto}</prop>
					
<!-- 					<prop key="hibernate.transaction.jta.platform">${hibernate.transaction.jta.platform}</prop> -->
					<prop key="hibernate.transaction.manager_lookup_class">${hibernate.transaction.manager_lookup_class}</prop>
					
					<prop key="hibernate.default_batch_fetch_size">${hibernate.default_batch_fetch_size}</prop>
					<prop key="hibernate.jdbc.batch_size">${hibernate.jdbc.batch_size}</prop>
					<prop key="hibernate.jdbc.fetch_size">${hibernate.jdbc.fetch_size}</prop>
					<prop key="hibernate.order_inserts">${hibernate.order_inserts}</prop>
				</props>
			</property>
		</bean>
	</beans>
	
	<beans profile="test">
		<context:property-placeholder location="classpath:test/app.properties, classpath:test/database.h2.properties, classpath:test/hibernate.properties"/>
	</beans>
	
	<beans profile="local">
		<context:property-placeholder location="classpath:local/app.properties, classpath:local/database.h2.properties, classpath:local/hibernate.properties"/>
	</beans>

	<beans profile="dev">
		<context:property-placeholder location="classpath:dev/*.properties"/>
	</beans>
</beans>